Campaign Name,Send Time,Recipients,Revenue,First Purchase,Returning Customer,Open Rate,Click Rate,CTR,CVR,Time_Interval,Day_of_Week
ÚLTIMAS HORAS: HASTA 30% OFF,2025-12-31 10:00:00,56122,7277.0,3138.0,4139.0,0.5622,0.0085,0.0151,0.0012,10:00–11:00,Wednesday
TERMINA MAÑANA — La última venta del año,2025-12-30 09:30:00,57371,6653.0,2765.0,3888.0,0.5399,0.006999999999999999,0.013000000000000001,0.0012,09:00–10:00,Tuesday
Tu cuerpo responde al movimiento natural,2025-12-29 15:00:00,57325,2445.0,1591.0,854.0,0.5452,0.0053,0.0096,0.0003,15:00–16:00,Monday
Reinicia tu energía para lo que viene,2025-12-28 14:30:00,59223,3898.0,1343.0,2556.0,0.5687,0.0092,0.016200000000000003,0.0006,14:00–15:00,Sunday
Empieza desde tus pies,2025-12-27 18:00:00,60034,2939.0,1193.0,1747.0,0.6013000000000001,0.0084,0.0139,0.0004,18:00–19:00,Saturday
Sandalias: 25% OFF,2025-12-26 12:00:00,61264,7048.0,2489.0,4558.0,0.5623,0.0095,0.0169,0.0011,12:00–13:00,Friday
Sin oferta — Nota de agradecimiento,2025-12-24 18:00:00,61928,1551.0,816.0,735.0,0.5817,0.0033,0.005699999999999999,0.0002,18:00–19:00,Wednesday
"Regalos de último minuto (invierno, simple, siempre a tiempo)",2025-12-22 10:39:00,62788,1190.0,566.0,624.0,0.562,0.0029,0.0051,0.0002,10:00–11:00,Monday
Por qué el calzado correcto cambia más que tus pies,2025-12-20 15:00:00,96125,688.0,240.0,448.0,0.7011,0.0031,0.0045000000000000005,0.0001,15:00–16:00,Saturday
Por qué tantas familias eligen esta línea,2025-12-19 14:15:00,96526,1150.0,142.0,1007.0,0.69,0.0023,0.0033,0.0001,14:00–15:00,Friday
Top del invierno — Modelo Runner Pro,2025-12-16 15:30:00,96821,2227.0,887.0,1340.0,0.7152,0.022799999999999997,0.0319,0.0002,15:00–16:00,Tuesday
Spotlight: Pack de bienestar de pies,2025-12-13 12:00:00,47324,1598.0,735.0,863.0,0.5654,0.0067,0.0118,0.0004,12:00–13:00,Saturday
“Ordena a tiempo — evita tarifas express”,2025-12-12 17:00:00,47810,1327.0,499.0,828.0,0.5688,0.0074,0.013000000000000001,0.0001,17:00–18:00,Friday
Nosotros vs ellos — Barato vs premium,2025-12-10 12:00:00,49008,9044.0,706.0,8338.0,0.5599000000000001,0.005600000000000001,0.009899999999999999,0.0002,12:00–13:00,Wednesday
Antes / después: postura y energía,2025-12-07 10:00:00,49503,551.0,396.0,156.0,0.5697,0.0058,0.0101,0.0001,10:00–11:00,Sunday
Regalos para cada atleta,2025-12-06 10:30:00,102631,1825.0,935.0,890.0,0.6674,0.0034999999999999996,0.0053,0.0001,10:00–11:00,Saturday
La verdad sobre la comodidad,2025-12-05 10:00:00,52114,780.0,108.0,671.0,0.5627,0.004,0.0070999999999999995,0.0001,10:00–11:00,Friday
Por qué estos modelos lideran Cyber Week,2025-12-03 15:30:00,102117,4038.0,2005.0,2033.0,0.6811,0.0064,0.009399999999999999,0.0003,15:00–16:00,Wednesday
Los más regalados se van rápido,2025-12-02 10:30:00,102182,2107.0,518.0,1589.0,0.6679,0.0037,0.0055000000000000005,0.0002,10:00–11:00,Tuesday
CYBER empieza ya: hasta 30% OFF,2025-12-01 10:15:00,102722,5430.0,2124.0,3306.0,0.6642,0.0048,0.0072,0.0004,10:00–11:00,Monday
Último llamado: ahorros Black Friday,2025-11-30 10:15:00,103837,9635.0,3041.0,6594.0,0.6681999999999999,0.0072,0.010700000000000001,0.0009,10:00–11:00,Sunday
Último fin de semana: 25% OFF,2025-11-29 11:05:00,110271,10998.0,3081.0,7917.0,0.6377,0.005699999999999999,0.0089,0.0008,11:00–12:00,Saturday
Black Friday: el momento que esperabas,2025-11-28 11:00:00,77174,11348.0,4864.0,6484.0,0.5769,0.0084,0.0146,0.0013,11:00–12:00,Friday
"Gracias, comunidad (email de gratitud)",2025-11-27 09:00:00,110884,7392.0,1972.0,5419.0,0.6373,0.0043,0.0067,0.0006,09:00–10:00,Thursday
Cómo este ajuste cambió el juego,2025-11-25 16:08:00,78279,5276.0,1213.0,4063.0,0.6043,0.0074,0.0123,0.0005,16:00–17:00,Tuesday
Top 5 modelos más regalados,2025-11-23 11:13:44,105316,3749.0,1021.0,2729.0,0.6877,0.006500000000000001,0.0095,0.0003,11:00–12:00,Sunday
Black Friday empieza YA,2025-11-21 14:49:19,112678,8903.0,2696.0,6206.0,0.6456999999999999,0.009300000000000001,0.0143,0.0007000000000000001,14:00–15:00,Friday
Juntos — Última oportunidad: 5% de vuelta,2025-11-20 13:19:06,82039,5455.0,2097.0,3358.0,0.6031,0.0054,0.0089,0.0006,13:00–14:00,Thursday
“Últimas 48 horas de giving back” — cuenta regresiva,2025-11-19 12:00:00,105826,3699.0,1540.0,2159.0,0.6886,0.0055000000000000005,0.0079,0.0004,12:00–13:00,Wednesday
Lo que estás apoyando,2025-11-17 15:45:00,105902,5106.0,1823.0,3282.0,0.6859999999999999,0.0059,0.0086,0.0004,15:00–16:00,Monday
Un par. Infinitas rutas.,2025-11-15 12:00:00,114374,4360.0,1440.0,2920.0,0.637,0.0053,0.0083,0.0004,12:00–13:00,Saturday
"Muévete más, aporta más",2025-11-13 12:00:00,115260,12303.0,3462.0,8841.0,0.6342,0.0079,0.0125,0.0009,12:00–13:00,Thursday
Acceso VIP anticipado — 24h de ventaja,2025-11-12 12:00:00,19569,16314.0,4728.0,11586.0,0.6602,0.038,0.0575,0.0064,12:00–13:00,Wednesday
Día de los Veteranos,2025-11-11 12:00:00,76865,1396.0,688.0,708.0,0.6274000000000001,0.0037,0.0058,0.0002,12:00–13:00,Tuesday
Se viene algo GRANDE — prepárate,2025-11-10 12:00:00,114204,2289.0,1001.0,1288.0,0.6395000000000001,0.0106,0.0165,0.0002,12:00–13:00,Monday
5 beneficios en 1 sandalia,2025-11-09 12:00:00,78034,1081.0,443.0,638.0,0.6296,0.0045000000000000005,0.0070999999999999995,0.0001,12:00–13:00,Sunday
Regístrate para acceso anticipado (solo texto),2025-11-07 12:00:00,108737,1057.0,33.0,1024.0,0.6943,0.0111,0.016,0.0001,12:00–13:00,Friday
Re-Launch: edición renovada,2025-11-05 14:30:00,79998,892.0,129.0,763.0,0.6256,0.0171,0.0273,0.0001,14:00–15:00,Wednesday
Tu primer mes con tu nuevo par,2025-11-03 12:00:00,81426,7332.0,0.0,7332.0,0.6228,0.0059,0.0095,0.0001,12:00–13:00,Monday
Halloween — Resistencia de miedo,2025-10-31 11:00:00,75102,2176.0,533.0,1643.0,0.6658,0.0043,0.006500000000000001,0.0002,11:00–12:00,Friday
Halloween — Listas para cualquier caos,2025-10-29 17:00:00,82855,2010.0,806.0,1204.0,0.6279,0.0064,0.0101,0.0002,17:00–18:00,Wednesday
Del trail a la ciudad: un par lo hace todo,2025-10-26 13:09:51,83624,1424.0,162.0,1262.0,0.6305,0.0109,0.0173,0.0002,13:00–14:00,Sunday
"Inspiración clásica, simplicidad moderna",2025-10-21 12:00:00,84638,1527.0,499.0,1029.0,0.6142,0.0067,0.0109,0.0002,12:00–13:00,Tuesday
Diseño minimalista de punta,2025-10-18 09:00:00,85585,2353.0,1241.0,1112.0,0.6135,0.01,0.016200000000000003,0.0003,09:00–10:00,Saturday
Zero-drop = movimiento natural,2025-10-15 13:00:00,86414,2321.0,758.0,1562.0,0.6122,0.006,0.0097,0.0002,13:00–14:00,Wednesday
¿Ayuda de verdad con fascitis plantar?,2025-10-13 11:00:00,87847,1285.0,460.0,824.0,0.6128,0.006999999999999999,0.011399999999999999,0.0001,11:00–12:00,Monday
Día de los Pueblos Indígenas,2025-10-12 14:00:00,88109,1501.0,626.0,875.0,0.6163000000000001,0.0058,0.0095,0.0002,14:00–15:00,Sunday
Día Mundial de la Salud Mental,2025-10-10 09:00:00,88811,726.0,157.0,569.0,0.5995,0.0040999999999999995,0.0069,0.0001,09:00–10:00,Friday
Miércoles: Move Natural #8,2025-10-08 18:14:30,14514,14.0,0.0,14.0,0.63,0.003,0.004699999999999999,0.0001,18:00–19:00,Wednesday
Arcos planos: soporte y recuperación,2025-10-07 12:00:00,89711,2296.0,1240.0,1055.0,0.6028,0.0096,0.0159,0.0003,12:00–13:00,Tuesday
Sistema de ajuste regulable,2025-10-04 09:00:00,90737,1779.0,642.0,1137.0,0.6054999999999999,0.0046,0.0076,0.0002,09:00–10:00,Saturday
Reconstruye desde la base,2025-10-02 18:00:00,83052,2075.0,1477.0,598.0,0.6481,0.0095,0.0147,0.0002,18:00–19:00,Thursday
Lo que usamos para alivio en trail,2025-09-29 15:00:00,92735,2478.0,536.0,1943.0,0.6009,0.0064,0.0106,0.0003,15:00–16:00,Monday
La ruta te llama — responde antes de que termine,2025-09-27 09:00:00,94477,1569.0,519.0,1050.0,0.5961,0.0074,0.0124,0.0002,09:00–10:00,Saturday
Lanzamiento “Atlas” — nota del fundador,2025-09-25 11:00:00,108428,2367.0,431.0,1936.0,0.6831999999999999,0.004699999999999999,0.0069,0.0001,11:00–12:00,Thursday
Miércoles: Move Natural #7,2025-09-24 17:00:00,14930,252.0,0.0,252.0,0.6162,0.0019,0.0032,0.0002,17:00–18:00,Wednesday
Launch #3: FAQ y objeciones,2025-09-23 09:00:00,98375,2573.0,210.0,2363.0,0.6748000000000001,0.0062,0.0092,0.0002,09:00–10:00,Tuesday
Atlas Launch #2 — urgencia y escasez,2025-09-21 09:00:00,100215,3870.0,505.0,3365.0,0.6847,0.0092,0.013500000000000002,0.0003,09:00–10:00,Sunday
YA DISPONIBLE: Sandalias Atlas,2025-09-19 09:00:00,101865,3739.0,1197.0,2542.0,0.6808,0.009899999999999999,0.014499999999999999,0.0003,09:00–10:00,Friday
Acceso VIP anticipado,2025-09-17 16:00:00,86285,6771.0,1178.0,5594.0,0.5972999999999999,0.022400000000000003,0.0374,0.0005,16:00–17:00,Wednesday
Libertad para moverte natural,2025-09-15 17:00:00,45948,1054.0,240.0,814.0,0.5593,0.0089,0.0158,0.0003,17:00–18:00,Monday
"Duerme mejor, muévete mejor",2025-09-14 08:00:00,53224,957.0,526.0,431.0,0.4913,0.011899999999999999,0.024300000000000002,0.0001,08:00–09:00,Sunday
Mito: más cushion = más comfort,2025-09-12 12:00:00,111413,1889.0,747.0,1142.0,0.6851,0.004699999999999999,0.0069,0.0002,12:00–13:00,Friday
Fluye mejor. Vive más fuerte.,2025-09-10 18:00:00,55216,1321.0,544.0,777.0,0.5028,0.0147,0.0292,0.0002,18:00–19:00,Wednesday
Miércoles: Move Natural #6,2025-09-03 16:00:00,15407,0.0,0.0,0.0,0.6068,0.0021,0.0034999999999999996,0.0001,16:00–17:00,Wednesday
Último día. Te quedan 24 horas.,2025-09-02 09:30:00,49660,7052.0,3603.0,3449.0,0.5462,0.0147,0.0268,0.0014000000000000002,09:00–10:00,Tuesday
Labor Day: suelta lo que sobra,2025-09-01 12:00:00,59029,4402.0,1583.0,2819.0,0.47450000000000003,0.011399999999999999,0.024,0.0007000000000000001,12:00–13:00,Monday
Estos 3 modelos están casi agotados,2025-08-30 10:00:00,44706,6563.0,2927.0,3636.0,0.5666,0.0152,0.0268,0.0015,10:00–11:00,Saturday
Movimiento natural y estrés (cortisol),2025-08-29 14:00:00,51819,5774.0,2294.0,3479.0,0.55,0.0152,0.0277,0.0012,14:00–15:00,Friday
Hechas para durar cada trail,2025-08-27 14:00:00,53451,5506.0,1964.0,3543.0,0.5536,0.015300000000000001,0.0277,0.001,14:00–15:00,Wednesday
"Por qué 30,000+ mujeres eligen esta línea + Women’s Equality Day",2025-08-26 14:00:00,53204,3978.0,2058.0,1921.0,0.5521,0.0108,0.0196,0.0008,14:00–15:00,Tuesday
Lanzamiento oficial Labor Day,2025-08-25 16:00:00,126017,14048.0,4782.0,9266.0,0.6236,0.014499999999999999,0.0232,0.0011,16:00–17:00,Monday
Acceso VIP termina hoy,2025-08-24 10:00:00,11258,14669.0,4774.0,9894.0,0.6271,0.0849,0.1354,0.0127,10:00–11:00,Sunday
Acceso VIP empieza YA,2025-08-23 12:00:00,11068,35234.0,10885.0,24349.0,0.6764,0.16519999999999999,0.24420000000000003,0.029900000000000003,12:00–13:00,Saturday
Invitación #2 — El inventario vuela. Tú también.,2025-08-22 11:00:00,151,0.0,0.0,0.0,0.4636,0.0199,0.0429,0.0,11:00–12:00,Friday
Invitación #2 — Muévete rápido.,2025-08-22 11:00:00,64075,2475.0,721.0,1753.0,0.46409999999999996,0.012199999999999999,0.0263,0.0004,11:00–12:00,Friday
Invitación #1 — Por qué esta venta lo cambia todo…,2025-08-20 09:00:00,42883,1639.0,953.0,686.0,0.6786,0.030600000000000002,0.0451,0.0003,09:00–10:00,Wednesday
Labor Day | Hype | Invitación,2025-08-18 16:00:00,0,0.0,0.0,0.0,0.0,0.0,0.0,0.0,16:00–17:00,Monday
Labor Day | Hype | Invitaciones,2025-08-18 16:00:00,100232,2214.0,501.0,1713.0,0.6922,0.0179,0.0259,0.0002,16:00–17:00,Monday
Labor Day | Hype | Invitaciones (v2),2025-08-18 16:00:00,11286,621.0,478.0,143.0,0.6746,0.02,0.0297,0.0004,16:00–17:00,Monday
Invitación del fundador — Labor Day,2025-08-17 10:00:00,128455,3207.0,1577.0,1630.0,0.6363,0.0262,0.0412,0.0002,10:00–11:00,Sunday
Día Nacional de la Relajación,2025-08-15 18:00:00,103559,1506.0,886.0,620.0,0.7504000000000001,0.0070999999999999995,0.009399999999999999,0.0002,18:00–19:00,Friday
Miércoles: Move Natural #5,2025-08-13 11:00:00,15963,516.0,0.0,516.0,0.5831000000000001,0.0019,0.0033,0.0006,11:00–12:00,Wednesday
Diseño zero-drop,2025-08-12 20:00:00,104672,2812.0,1417.0,1395.0,0.741,0.005699999999999999,0.0077,0.0003,20:00–21:00,Tuesday
La diferencia “barefoot”,2025-08-10 10:00:00,105527,4525.0,1802.0,2723.0,0.7323999999999999,0.0069,0.009399999999999999,0.0004,10:00–11:00,Sunday
Días sin dolor empiezan en la suela,2025-08-08 15:30:00,116077,3892.0,912.0,2980.0,0.6740999999999999,0.0060999999999999995,0.0091,0.0003,15:00–16:00,Friday
Días sin dolor empiezan en la suela (v2),2025-08-08 10:00:00,0,0.0,0.0,0.0,0.0,0.0,0.0,0.0,10:00–11:00,Friday
Miércoles: Move Natural #4,2025-08-06 12:00:00,16399,580.0,105.0,475.0,0.5905,0.0021,0.0034999999999999996,0.0002,12:00–13:00,Wednesday
Back to School,2025-08-05 10:00:00,117801,2968.0,857.0,2111.0,0.653,0.0037,0.005600000000000001,0.0002,10:00–11:00,Tuesday
Día de la Familia,2025-08-03 09:00:00,117813,4378.0,1599.0,2779.0,0.6577,0.0046,0.0069,0.0003,09:00–10:00,Sunday
Cordones premium de ajuste,2025-08-01 12:00:00,104895,4079.0,2222.0,1857.0,0.7329000000000001,0.0049,0.0066,0.0003,12:00–13:00,Friday
12 años de libertad de movimiento,2025-07-30 17:00:00,105293,2308.0,1340.0,968.0,0.7364,0.0068000000000000005,0.0092,0.0003,17:00–18:00,Wednesday
El daño silencioso del calzado moderno,2025-07-29 09:30:00,119009,4079.0,2122.0,1956.0,0.6546,0.0064,0.0098,0.0003,09:00–10:00,Tuesday
Encuentra tu ajuste perfecto,2025-07-27 12:30:00,114963,4848.0,1330.0,3517.0,0.7225,0.009399999999999999,0.013000000000000001,0.0004,12:00–13:00,Sunday
Caminas diferente (y eso es bueno),2025-07-25 06:45:00,109340,4468.0,1502.0,2966.0,0.7386,0.0105,0.014199999999999999,0.0004,06:00–07:00,Friday
¿Por qué te duelen los pies después de caminar?,2025-07-23 17:00:00,109930,2858.0,1416.0,1442.0,0.716,0.006999999999999999,0.0098,0.0002,17:00–18:00,Wednesday
Miércoles: Move Natural #3,2025-07-23 15:30:00,9964,495.0,316.0,179.0,0.5223,0.002,0.0038,0.0005,15:00–16:00,Wednesday
Movimiento natural + hormonas: la conexión olvidada,2025-07-21 18:00:00,110640,5286.0,1435.0,3851.0,0.7162000000000001,0.008,0.011200000000000002,0.0004,18:00–19:00,Monday
Más energía en 7 días: sistema nervioso,2025-07-19 12:15:00,37486,2135.0,2135.0,0.0,0.7456,0.011699999999999999,0.015700000000000002,0.0005,12:00–13:00,Saturday
Vuelve stock: Runner Pro (follow-up) (clone),2025-07-17 11:15:00,30018,2279.0,810.0,1469.0,0.4243,0.016399999999999998,0.038599999999999995,0.0007000000000000001,11:00–12:00,Thursday
Vuelve stock: Runner Pro (interesados) (clone),2025-07-17 11:00:00,1144,159.0,0.0,159.0,0.1407,0.036699999999999997,0.2609,0.0009,11:00–12:00,Thursday
Clientes dicen que les cambió su energía diaria,2025-07-17 08:30:00,0,0.0,0.0,0.0,0.0,0.0,0.0,0.0,08:00–09:00,Thursday
Vuelve stock: Runner Pro (follow-up),2025-07-17 07:00:00,0,113.0,113.0,0.0,0.0,0.0,0.0,0.0,07:00–08:00,Thursday
Vuelve stock: Runner Pro (interesados),2025-07-17 07:00:00,0,0.0,0.0,0.0,0.0,0.0,0.0,0.0,07:00–08:00,Thursday
¿Tu calzado está dañando tu postura?,2025-07-16 08:30:00,38469,2916.0,2812.0,105.0,0.7402,0.0069,0.009300000000000001,0.0006,08:00–09:00,Wednesday
Vuelve stock: Runner Pro,2025-07-14 12:30:00,118656,13108.0,2215.0,10893.0,0.7138,0.022000000000000002,0.0308,0.0008,12:00–13:00,Monday
Estudio: 93% reporta mejor descanso — ¿eres uno? (clone),2025-07-12 08:00:00,38271,3014.0,2943.0,71.0,0.6723,0.0123,0.0182,0.0007000000000000001,08:00–09:00,Saturday
Estudio: 93% reporta mejor descanso — ¿eres uno?,2025-07-11 08:00:00,0,0.0,0.0,0.0,0.0,0.0,0.0,0.0,08:00–09:00,Friday
Más energía en 7 días: sistema nervioso (v2),2025-07-10 12:00:00,143542,5644.0,0.0,5644.0,0.40990000000000004,0.0073,0.0177,0.0003,12:00–13:00,Thursday
Venta 4 de Julio — última oportunidad,2025-07-06 18:00:00,120652,16136.0,7314.0,8822.0,0.6823,0.013300000000000001,0.0195,0.0012,18:00–19:00,Sunday
Venta 4 de Julio,2025-07-04 10:00:00,119300,18368.0,6781.0,11586.0,0.6746,0.0139,0.0207,0.0014000000000000002,10:00–11:00,Friday
Venta 4 de Julio (v2),2025-07-04 07:00:00,2041,556.0,407.0,148.0,0.6727,0.0103,0.015300000000000001,0.002,07:00–08:00,Friday
La ciencia detrás del ajuste (y cómo notarlo diario),2025-07-03 08:00:00,36949,2897.0,2692.0,205.0,0.7164,0.011000000000000001,0.015300000000000001,0.0007000000000000001,08:00–09:00,Thursday
"¿Qué es moverte natural, de verdad?",2025-07-01 12:00:00,36511,2424.0,2424.0,0.0,0.7056999999999999,0.0078000000000000005,0.011000000000000001,0.0005,12:00–13:00,Tuesday
Miércoles: Move Natural #2,2025-06-25 17:30:00,18758,949.0,157.0,792.0,0.5537,0.0018,0.0033,0.0006,17:00–18:00,Wednesday
Movimiento natural reduce inflamación hasta 30%,2025-06-25 08:00:00,35540,4981.0,4773.0,208.0,0.691,0.013300000000000001,0.0192,0.0012,08:00–09:00,Wednesday
Solsticio de verano,2025-06-21 12:00:00,100760,4715.0,1470.0,3245.0,0.7442,0.0077,0.0103,0.0004,12:00–13:00,Saturday
Día del Yoga: encuentra tu zen en movimiento,2025-06-21 12:00:00,6225,374.0,374.0,0.0,0.6577,0.0045000000000000005,0.0068000000000000005,0.0005,12:00–13:00,Saturday
Miles sienten más energía y claridad con esta tecnología,2025-06-19 08:00:00,34593,1787.0,1787.0,0.0,0.6969,0.0069,0.009899999999999999,0.0005,08:00–09:00,Thursday
Miércoles: Move Natural,2025-06-18 18:15:00,18698,569.0,0.0,569.0,0.5583,0.0014000000000000002,0.0025,0.0002,18:00–19:00,Wednesday
Follow-up Día del Padre,2025-06-17 11:00:00,89586,17743.0,7773.0,9970.0,0.8452,0.0083,0.0098,0.0019,11:00–12:00,Tuesday
Venta Día del Padre — último día,2025-06-15 12:30:00,105891,16766.0,6469.0,10297.0,0.7495999999999999,0.015300000000000001,0.0204,0.0015,12:00–13:00,Sunday
Venta Día del Padre,2025-06-13 06:45:00,114605,35972.0,14725.0,21247.0,0.7006,0.016200000000000003,0.0232,0.0029,06:00–07:00,Friday
¿Qué hace diferente a estas sandalias?,2025-06-12 08:00:00,33070,1820.0,1820.0,0.0,0.7056,0.0072,0.0102,0.0005,08:00–09:00,Thursday
¿Tus pies afectan tu postura?,2025-06-10 06:45:00,117950,4813.0,1711.0,3102.0,0.6981999999999999,0.006500000000000001,0.009300000000000001,0.0004,06:00–07:00,Tuesday
Día de los Océanos: calzado con enfoque eco,2025-06-08 07:30:00,106898,4996.0,1944.0,3052.0,0.7579,0.013500000000000002,0.0178,0.0004,07:00–08:00,Sunday
Reto “Move Natural”,2025-06-07 09:00:00,143881,4129.0,0.0,4129.0,0.4299,0.0051,0.011899999999999999,0.0003,09:00–10:00,Saturday
Reto “Move Natural” (v2),2025-06-07 08:00:00,0,0.0,0.0,0.0,0.0,0.0,0.0,0.0,08:00–09:00,Saturday
Día del Medio Ambiente,2025-06-05 13:30:00,103657,4487.0,1813.0,2674.0,0.7356,0.0076,0.0103,0.0004,13:00–14:00,Thursday
Acceso anticipado Día del Padre (solo texto) — follow-up,2025-06-04 15:15:00,72646,18710.0,6995.0,11715.0,0.9027,0.023,0.0254,0.0024,15:00–16:00,Wednesday
Acceso anticipado Día del Padre (solo texto),2025-06-03 14:30:00,127488,30165.0,10322.0,19843.0,0.6916,0.028399999999999998,0.040999999999999995,0.0023,14:00–15:00,Tuesday
Mira por dónde se mueve la comunidad,2025-05-28 10:00:00,30591,1282.0,1282.0,0.0,0.6793,0.0064,0.009399999999999999,0.0003,10:00–11:00,Wednesday
Memorial Day!,2025-05-26 12:00:00,109849,29016.0,11537.0,17479.0,0.7132,0.0127,0.0178,0.0025,12:00–13:00,Monday
Pre-venta Memorial Day,2025-05-23 09:00:00,182018,53277.0,15460.0,37817.0,0.491,0.0187,0.0381,0.0025,09:00–10:00,Friday
3 formas de moverte mejor cada día,2025-05-20 18:00:00,71912,3878.0,1618.0,2260.0,0.7284,0.006500000000000001,0.009000000000000001,0.0006,18:00–19:00,Tuesday
Día Outdoor (clone),2025-05-18 09:30:00,71690,3922.0,1666.0,2256.0,0.7162000000000001,0.0064,0.009000000000000001,0.0005,09:00–10:00,Sunday
Día Internacional de la Familia,2025-05-15 08:00:00,84210,4865.0,1918.0,2947.0,0.6045,0.0066,0.0109,0.0005,08:00–09:00,Thursday
Campaña: feature de producto,2025-05-13 18:00:00,86230,4936.0,2268.0,2667.0,0.6057,0.0151,0.025,0.0005,18:00–19:00,Tuesday
Para las mujeres que nos mueven,2025-05-11 09:30:00,83265,5893.0,2881.0,3011.0,0.5888,0.0097,0.0165,0.0007000000000000001,09:00–10:00,Sunday
La ciencia del movimiento natural en mujeres,2025-05-09 18:30:00,84615,3922.0,2035.0,1887.0,0.5936,0.0092,0.0155,0.0004,18:00–19:00,Friday
Pensé que el dolor era para siempre — edición personal,2025-05-06 18:30:00,82766,4432.0,1731.0,2701.0,0.598,0.0087,0.014499999999999999,0.0005,18:00–19:00,Tuesday
Hecho para mantenerte en movimiento,2025-05-05 10:00:00,85625,3138.0,912.0,2226.0,0.5752,0.0066,0.011399999999999999,0.0004,10:00–11:00,Monday
Bienvenido Mayo,2025-05-02 09:30:00,82521,5240.0,1832.0,3408.0,0.5865,0.0058,0.009899999999999999,0.0006,09:00–10:00,Friday
Consigue tu par antes de las caminatas,2025-04-27 18:30:00,0,0.0,0.0,0.0,0.0,0.0,0.0,0.0,18:00–19:00,Sunday
Consigue tu par antes de las caminatas (v2),2025-04-27 18:30:00,82828,4551.0,2543.0,2008.0,0.5876,0.0088,0.0149,0.0005,18:00–19:00,Sunday
Arbor Day: 10% OFF,2025-04-25 11:00:00,82290,6700.0,2002.0,4697.0,0.5908,0.006999999999999999,0.0118,0.0008,11:00–12:00,Friday
Arbor Day: 10% OFF (v2),2025-04-25 10:30:00,0,0.0,0.0,0.0,0.0,0.0,0.0,0.0,10:00–11:00,Friday
Día de la Tierra: edición especial “Move Natural”,2025-04-22 18:00:00,76226,6753.0,2175.0,4578.0,0.5796,0.0097,0.0167,0.0009,18:00–19:00,Tuesday
15% OFF: pasos más fuertes para mamá,2025-04-20 18:00:00,9318,955.0,323.0,632.0,0.5261,0.014199999999999999,0.0269,0.0009,18:00–19:00,Sunday
15% OFF: pasos más fuertes para mamá (actualizado),2025-04-20 18:00:00,66822,9356.0,2615.0,6740.0,0.6032,0.0131,0.0218,0.0013,18:00–19:00,Sunday
El regalo de mamá que la acompaña,2025-04-19 15:45:00,100554,15428.0,4127.0,11301.0,0.46299999999999997,0.016,0.0345,0.0012,15:00–16:00,Saturday
Las mentiras más grandes del calzado,2025-04-17 16:30:00,83743,2926.0,307.0,2619.0,0.6009,0.0097,0.0161,0.0004,16:00–17:00,Thursday
Del cushion al control,2025-04-15 14:00:00,83018,3111.0,884.0,2227.0,0.5943999999999999,0.0091,0.015300000000000001,0.0004,14:00–15:00,Tuesday
Duo Pack: compra 1 y el 2do -20%,2025-04-10 18:00:00,85592,7323.0,1606.0,5718.0,0.6009,0.0096,0.016,0.0007000000000000001,18:00–19:00,Thursday
Test de deliverability,2025-04-08 17:31:30,0,0.0,0.0,0.0,0.0,0.0,0.0,0.0,17:00–18:00,Tuesday
Día de la Salud: reconstruye desde la base,2025-04-07 12:00:00,83032,15463.0,3489.0,11973.0,0.6169,0.0138,0.0223,0.0018,12:00–13:00,Monday
Runner Pro — vuelve stock (2do aviso),2025-04-04 19:15:00,100915,9010.0,694.0,8315.0,0.4792,0.014499999999999999,0.030299999999999997,0.0007000000000000001,19:00–20:00,Friday
Runner Pro — vuelve stock,2025-04-01 18:15:00,100680,11905.0,1996.0,9908.0,0.5044,0.045899999999999996,0.091,0.0009,18:00–19:00,Tuesday
Flujo sanguíneo: comparación (con vs sin),2025-03-28 16:00:00,72938,5171.0,1528.0,3643.0,0.6681,0.0097,0.014499999999999999,0.0007000000000000001,16:00–17:00,Friday
Encuentra tu ajuste perfecto,2025-03-25 18:30:00,13413,369.0,187.0,182.0,0.3865,0.0149,0.038599999999999995,0.0003,18:00–19:00,Tuesday
Encuentra tu ajuste perfecto (v2),2025-03-25 18:30:00,119028,4893.0,505.0,4389.0,0.4447,0.0116,0.026099999999999998,0.0004,18:00–19:00,Tuesday
"Nueva temporada, nuevas aventuras",2025-03-22 17:00:00,76292,4824.0,1134.0,3690.0,0.6451,0.0096,0.0148,0.0006,17:00–18:00,Saturday
Haz tus aventuras waterproof,2025-03-20 11:30:00,73970,3771.0,1148.0,2623.0,0.6556000000000001,0.011399999999999999,0.0174,0.0005,11:00–12:00,Thursday
Venta St. Patrick’s Day,2025-03-17 17:30:00,102851,11142.0,2485.0,8658.0,0.5083,0.0101,0.019799999999999998,0.001,17:00–18:00,Monday
Diseñado para movimiento natural,2025-03-14 17:00:00,78015,3533.0,704.0,2829.0,0.6448999999999999,0.0102,0.0159,0.0004,17:00–18:00,Friday
¿Y si tu calzado te está frenando?,2025-03-11 19:30:00,79159,4670.0,1412.0,3258.0,0.6507999999999999,0.011699999999999999,0.018000000000000002,0.0006,19:00–20:00,Tuesday
Día Internacional de la Mujer,2025-03-08 15:00:00,83298,4146.0,718.0,3428.0,0.6043,0.0078000000000000005,0.0129,0.0005,15:00–16:00,Saturday
Únete a 50K+ atletas que confían en esta línea,2025-03-06 18:00:00,80564,2294.0,956.0,1338.0,0.6324000000000001,0.0109,0.0172,0.0003,18:00–19:00,Thursday
Espíritu libre. Pies listos.,2025-03-03 17:00:00,81123,6968.0,1109.0,5859.0,0.6395000000000001,0.0115,0.018000000000000002,0.0007000000000000001,17:00–18:00,Monday
Recordatorio final,2025-02-28 15:00:00,105035,5989.0,969.0,5020.0,0.48950000000000005,0.008100000000000001,0.0165,0.0005,15:00–16:00,Friday
Post-lanzamiento: FAQ/objeciones,2025-02-25 16:45:00,77706,6207.0,689.0,5518.0,0.6742,0.014499999999999999,0.0215,0.0004,16:00–17:00,Tuesday
Launch #3: urgencia y escasez,2025-02-22 10:30:00,108140,6455.0,841.0,5614.0,0.5224,0.019299999999999998,0.037000000000000005,0.0005,10:00–11:00,Saturday
Por qué cambia el juego,2025-02-20 17:00:00,73233,4232.0,476.0,3756.0,0.6072,0.0177,0.0291,0.0004,17:00–18:00,Thursday
Lanzamiento público oficial: Runner Pro,2025-02-18 18:00:00,63164,7322.0,514.0,6808.0,0.7243999999999999,0.0533,0.0735,0.0008,18:00–19:00,Tuesday
Follow-up: lanzamiento acceso VIP,2025-02-16 17:30:00,10903,8092.0,452.0,7640.0,0.7028,0.12369999999999999,0.17600000000000002,0.0046,17:00–18:00,Sunday
Newsletter Afiliados — Febrero,2025-02-16 09:00:00,24977,643.0,112.0,531.0,0.4018,0.006999999999999999,0.0174,0.0002,09:00–10:00,Sunday
Invitación acceso VIP — Runner Pro,2025-02-15 12:00:00,41049,29131.0,2073.0,27058.0,0.5322,0.13720000000000002,0.25780000000000003,0.0045000000000000005,12:00–13:00,Saturday
Teaser #3: conciencia del problema,2025-02-14 21:30:00,64246,312.0,33.0,279.0,0.4727,0.0212,0.0449,0.0001,21:00–22:00,Friday
Teaser #2: anuncio misterioso,2025-02-13 17:00:00,49333,910.0,401.0,510.0,0.6734,0.0209,0.0311,0.0002,17:00–18:00,Thursday
Teaser #1 — nota del fundador,2025-02-12 22:30:00,118406,2676.0,541.0,2136.0,0.4501,0.0658,0.1461,0.0002,22:00–23:00,Wednesday
CS / Social 2025 — #2,2025-01-30 09:00:00,131,0.0,0.0,0.0,0.2977,0.0076,0.0256,0.0,09:00–10:00,Thursday
CS / Social 2025 — #2 (clone),2025-01-30 09:00:00,55513,253.0,0.0,253.0,0.35,0.011899999999999999,0.0341,0.0001,09:00–10:00,Thursday
Hiring: Customer Support / Social 2025,2025-01-28 16:13:48,55822,488.0,310.0,179.0,0.39049999999999996,0.0348,0.08900000000000001,0.0001,16:00–17:00,Tuesday
Newsletter Afiliados — Enero,2025-01-06 12:00:00,27387,544.0,286.0,258.0,0.38789999999999997,0.0052,0.0134,0.0002,12:00–13:00,Monday
